"temperature","Date"
29.6,"01-01-2020"
30.7,"02-01-2020"
30.8,"03-01-2020"
31.6,"04-01-2020"
24.3,"05-01-2020"
27.2,"06-01-2020"
29.6,"07-01-2020"
24,"08-01-2020"
29.8,"09-01-2020"
32.8,"10-01-2020"
33.7,"11-01-2020"
32.7,"12-01-2020"
33,"13-01-2020"
31.9,"14-01-2020"
33.8,"15-01-2020"
33.6,"16-01-2020"
33.6,"17-01-2020"
33.9,"18-01-2020"
28.3,"19-01-2020"
32.7,"20-01-2020"
31.4,"21-01-2020"
30.6,"22-01-2020"
30.9,"23-01-2020"
32.5,"24-01-2020"
34,"25-01-2020"
34.5,"26-01-2020"
34.3,"27-01-2020"
32.4,"28-01-2020"
30,"29-01-2020"
32.9,"30-01-2020"
33.5,"31-01-2020"
32.2,"01-02-2020"
32.5,"02-02-2020"
31.8,"03-02-2020"
29.5,"04-02-2020"
27.8,"05-02-2020"
29.4,"06-02-2020"
33.3,"07-02-2020"
34.3,"08-02-2020"
32.4,"09-02-2020"
31.3,"10-02-2020"
31.2,"11-02-2020"
30.1,"12-02-2020"
30.3,"13-02-2020"
33.3,"14-02-2020"
33.1,"15-02-2020"
31.5,"16-02-2020"
29.2,"17-02-2020"
35,"18-02-2020"
34.5,"19-02-2020"
33.2,"20-02-2020"
27.6,"21-02-2020"
27.7,"22-02-2020"
27.5,"23-02-2020"
25.8,"24-02-2020"
31,"25-02-2020"
34.7,"26-02-2020"
31.9,"27-02-2020"
33.1,"28-02-2020"
32.1,"29-02-2020"
28.2,"01-03-2020"
29.5,"02-03-2020"
31.9,"03-03-2020"
32.1,"04-03-2020"
35,"05-03-2020"
30.7,"06-03-2020"
32,"07-03-2020"
32.3,"08-03-2020"
33.7,"09-03-2020"
32.5,"10-03-2020"
32.3,"11-03-2020"
29.3,"12-03-2020"
28.6,"13-03-2020"
30.5,"14-03-2020"
31.5,"15-03-2020"
26.6,"16-03-2020"
27.7,"17-03-2020"
29.1,"18-03-2020"
29.7,"19-03-2020"
28.1,"20-03-2020"
21.3,"21-03-2020"
26.9,"22-03-2020"
30.7,"23-03-2020"
29.8,"24-03-2020"
29.1,"25-03-2020"
27,"26-03-2020"
21.1,"27-03-2020"
22.9,"28-03-2020"
27.8,"29-03-2020"
31.1,"30-03-2020"
29.7,"31-03-2020"
29.3,"01-04-2020"
33.9,"02-04-2020"
27.4,"03-04-2020"
26.3,"04-04-2020"
26.4,"05-04-2020"
30,"06-04-2020"
31.5,"07-04-2020"
25.1,"08-04-2020"
23.1,"09-04-2020"
22.4,"10-04-2020"
20.5,"11-04-2020"
19.4,"12-04-2020"
24.5,"13-04-2020"
27.6,"14-04-2020"
23.4,"15-04-2020"
26.2,"16-04-2020"
29.4,"17-04-2020"
29,"18-04-2020"
29.6,"19-04-2020"
30.4,"20-04-2020"
30,"21-04-2020"
27.8,"22-04-2020"
18.8,"23-04-2020"
17.6,"24-04-2020"
22.9,"25-04-2020"
21.5,"26-04-2020"
21.4,"27-04-2020"
23.8,"28-04-2020"
26.5,"29-04-2020"
24.1,"30-04-2020"
26,"01-05-2020"
23.6,"02-05-2020"
22.7,"03-05-2020"
24.2,"04-05-2020"
26.3,"05-05-2020"
29,"06-05-2020"
29.4,"07-05-2020"
26.1,"08-05-2020"
25.5,"09-05-2020"
19.3,"10-05-2020"
20.9,"11-05-2020"
16,"12-05-2020"
22.3,"13-05-2020"
23.4,"14-05-2020"
27.1,"15-05-2020"
27.5,"16-05-2020"
27.9,"17-05-2020"
21.1,"18-05-2020"
12.1,"19-05-2020"
13.9,"20-05-2020"
15.6,"21-05-2020"
19.4,"22-05-2020"
24.2,"23-05-2020"
27.2,"24-05-2020"
30.7,"25-05-2020"
22.3,"26-05-2020"
12.3,"27-05-2020"
14.9,"28-05-2020"
14.9,"29-05-2020"
19,"30-05-2020"
20.3,"31-05-2020"
20.6,"01-06-2020"
13.6,"02-06-2020"
12.3,"03-06-2020"
15.3,"04-06-2020"
17.6,"05-06-2020"
17.6,"06-06-2020"
15,"07-06-2020"
11.6,"08-06-2020"
18.5,"09-06-2020"
16.6,"10-06-2020"
12.2,"11-06-2020"
13.8,"12-06-2020"
19.2,"13-06-2020"
24.3,"14-06-2020"
14.3,"15-06-2020"
14.1,"16-06-2020"
12.4,"17-06-2020"
11.3,"18-06-2020"
14.4,"19-06-2020"
12,"20-06-2020"
14.9,"21-06-2020"
11.9,"22-06-2020"
13.5,"23-06-2020"
12.6,"24-06-2020"
10.8,"25-06-2020"
14.8,"26-06-2020"
15.7,"27-06-2020"
16.1,"28-06-2020"
11.1,"29-06-2020"
12.9,"30-06-2020"
14.8,"01-07-2020"
17.7,"02-07-2020"
18.6,"03-07-2020"
9.4,"04-07-2020"
13.3,"05-07-2020"
12.6,"06-07-2020"
15.3,"07-07-2020"
14.9,"08-07-2020"
17.3,"09-07-2020"
14.3,"10-07-2020"
15.8,"11-07-2020"
18.2,"12-07-2020"
23.4,"13-07-2020"
23.8,"14-07-2020"
22.5,"15-07-2020"
11.3,"16-07-2020"
13.7,"17-07-2020"
13.9,"18-07-2020"
17.9,"19-07-2020"
17.9,"20-07-2020"
11.8,"21-07-2020"
14,"22-07-2020"
14.1,"23-07-2020"
14.9,"24-07-2020"
12.6,"25-07-2020"
13,"26-07-2020"
14,"27-07-2020"
18.4,"28-07-2020"
23,"29-07-2020"
17,"30-07-2020"
18.2,"31-07-2020"
14.8,"01-08-2020"
21.1,"02-08-2020"
20.5,"03-08-2020"
22.1,"04-08-2020"
16.8,"05-08-2020"
19.1,"06-08-2020"
21.2,"07-08-2020"
24,"08-08-2020"
16.9,"09-08-2020"
17.2,"10-08-2020"
17.4,"11-08-2020"
16.2,"12-08-2020"
16.4,"13-08-2020"
13.5,"14-08-2020"
16.6,"15-08-2020"
18.3,"16-08-2020"
18.2,"17-08-2020"
11.7,"18-08-2020"
17.1,"19-08-2020"
24.3,"20-08-2020"
25.8,"21-08-2020"
24.5,"22-08-2020"
15.6,"23-08-2020"
19.5,"24-08-2020"
16.3,"25-08-2020"
16.4,"26-08-2020"
16.1,"27-08-2020"
12.5,"28-08-2020"
17.5,"29-08-2020"
18.7,"30-08-2020"
17.5,"31-08-2020"
12.7,"01-09-2020"
18.1,"02-09-2020"
19.7,"03-09-2020"
20.2,"04-09-2020"
18.2,"05-09-2020"
22.8,"06-09-2020"
22.5,"07-09-2020"
14.6,"08-09-2020"
23.3,"09-09-2020"
21.6,"10-09-2020"
21.6,"11-09-2020"
21.8,"12-09-2020"
23.5,"13-09-2020"
28.2,"14-09-2020"
17,"15-09-2020"
22.8,"16-09-2020"
27.2,"17-09-2020"
26.8,"18-09-2020"
28.3,"19-09-2020"
26.3,"20-09-2020"
27.1,"21-09-2020"
27.5,"22-09-2020"
28.2,"23-09-2020"
26.3,"24-09-2020"
12.3,"25-09-2020"
19.7,"26-09-2020"
23.8,"27-09-2020"
24.9,"28-09-2020"
17.6,"29-09-2020"
19,"30-09-2020"
19.4,"01-10-2020"
19.3,"02-10-2020"
17.5,"03-10-2020"
20,"04-10-2020"
23.3,"05-10-2020"
22.7,"06-10-2020"
25,"07-10-2020"
24.8,"08-10-2020"
28.8,"09-10-2020"
27.9,"10-10-2020"
31.2,"11-10-2020"
30.9,"12-10-2020"
26.3,"13-10-2020"
23.8,"14-10-2020"
30.6,"15-10-2020"
24.3,"16-10-2020"
27.7,"17-10-2020"
26.3,"18-10-2020"
26.3,"19-10-2020"
28.9,"20-10-2020"
24.5,"21-10-2020"
28,"22-10-2020"
27.9,"23-10-2020"
24.7,"24-10-2020"
23,"25-10-2020"
27.7,"26-10-2020"
18.7,"27-10-2020"
24.2,"28-10-2020"
27.4,"29-10-2020"
29.5,"30-10-2020"
29.5,"31-10-2020"
26.6,"01-11-2020"
27.5,"02-11-2020"
32,"03-11-2020"
23.6,"04-11-2020"
27.8,"05-11-2020"
28.6,"06-11-2020"
31.7,"07-11-2020"
25.5,"08-11-2020"
29.1,"09-11-2020"
28.1,"10-11-2020"
26.8,"11-11-2020"
27.7,"12-11-2020"
18.7,"13-11-2020"
25,"14-11-2020"
26,"15-11-2020"
27.2,"16-11-2020"
19.5,"17-11-2020"
27.5,"18-11-2020"
22.5,"19-11-2020"
21.5,"20-11-2020"
28.4,"21-11-2020"
30.4,"22-11-2020"
28.6,"23-11-2020"
27.5,"24-11-2020"
29.2,"25-11-2020"
33.2,"26-11-2020"
29.1,"27-11-2020"
29.6,"28-11-2020"
31.4,"29-11-2020"
32.2,"30-11-2020"
29.3,"01-12-2020"
28.8,"02-12-2020"
30.5,"03-12-2020"
29.7,"04-12-2020"
29.1,"05-12-2020"
31.7,"06-12-2020"
28.8,"07-12-2020"
31.3,"08-12-2020"
33.3,"09-12-2020"
24.4,"10-12-2020"
29.8,"11-12-2020"
30.6,"12-12-2020"
32.4,"13-12-2020"
30.4,"14-12-2020"
30.4,"15-12-2020"
31.8,"16-12-2020"
31.2,"17-12-2020"
23,"18-12-2020"
27.2,"19-12-2020"
30.7,"20-12-2020"
33.1,"21-12-2020"
31.7,"22-12-2020"
27.9,"23-12-2020"
32,"24-12-2020"
33.5,"25-12-2020"
29.4,"26-12-2020"
28.7,"27-12-2020"
31.4,"28-12-2020"
28.2,"29-12-2020"
32.6,"30-12-2020"
32.9,"31-12-2020"
32.5871025219279,"01-01-2021"
30.2655944765536,"02-01-2021"
31.4408053715974,"03-01-2021"
23.5475275041589,"04-01-2021"
27.7893673053312,"05-01-2021"
28.553438684463,"06-01-2021"
22.9969129428693,"07-01-2021"
31.0684720992205,"08-01-2021"
33.207962279667,"09-01-2021"
34.2068003900868,"10-01-2021"
31.8567356190546,"11-01-2021"
32.1944309702133,"12-01-2021"
32.0843518766554,"13-01-2021"
35.1928908512351,"14-01-2021"
34.0413639559852,"15-01-2021"
34.700469286717,"16-01-2021"
32.2878739951717,"17-01-2021"
27.0774953650608,"18-01-2021"
32.6372208812265,"19-01-2021"
32.5859380012347,"20-01-2021"
29.1708874570749,"21-01-2021"
32.1516568484599,"22-01-2021"
32.4508073422215,"23-01-2021"
32.4903610987213,"24-01-2021"
35.782997151649,"25-01-2021"
35.172861700309,"26-01-2021"
32.863574111444,"27-01-2021"
30.8374171191036,"28-01-2021"
34.0960113564967,"29-01-2021"
32.2154898226843,"30-01-2021"
31.7477212696741,"31-01-2021"
32.4802404473194,"01-02-2021"
32.0043923434777,"02-02-2021"
28.2792718368469,"03-02-2021"
27.1529555643196,"04-02-2021"
30.6225175047964,"05-02-2021"
33.5505002820062,"06-02-2021"
34.9128272151935,"07-02-2021"
31.5556526498075,"08-02-2021"
31.8785559150815,"09-02-2021"
31.2013787165013,"10-02-2021"
29.0704822365285,"11-02-2021"
31.3555886870863,"12-02-2021"
32.1354523032356,"13-02-2021"
32.2338423443614,"14-02-2021"
30.5399429490188,"15-02-2021"
27.8420398846416,"16-02-2021"
36.0292176022228,"17-02-2021"
34.0490510383989,"18-02-2021"
33.7672264968987,"19-02-2021"
27.9942908091943,"20-02-2021"
28.680958917742,"21-02-2021"
27.7016271973846,"22-02-2021"
25.6146301544226,"23-02-2021"
32.1861965775491,"24-02-2021"
33.0865680517047,"25-02-2021"
31.7441049842839,"26-02-2021"
33.9267971448554,"27-02-2021"
32.7656726894528,"28-02-2021"
28.9330664813658,"01-03-2021"
29.151975509536,"02-03-2021"
31.8167718191445,"03-03-2021"
30.9458704038709,"04-03-2021"
33.3287217869656,"05-03-2021"
29.7652615966415,"06-03-2021"
31.0732016727328,"07-03-2021"
32.592791670945,"08-03-2021"
33.209207500827,"09-03-2021"
31.5357728428789,"10-03-2021"
30.8325632509659,"11-03-2021"
30.4631196512701,"12-03-2021"
29.2378937982302,"13-03-2021"
30.4863327742089,"14-03-2021"
31.9970793390996,"15-03-2021"
25.8974043253437,"16-03-2021"
28.0172635215614,"17-03-2021"
30.2006693202979,"18-03-2021"
29.3889260700764,"19-03-2021"
27.2442109807651,"20-03-2021"
20.3883546363702,"21-03-2021"
25.7379724387219,"22-03-2021"
31.7529264163598,"23-03-2021"
28.7747903390089,"24-03-2021"
29.5251166922646,"25-03-2021"
27.2204973197775,"26-03-2021"
21.9009421812068,"27-03-2021"
23.1934963115072,"28-03-2021"
27.2954396781139,"29-03-2021"
32.3943067058595,"30-03-2021"
28.9898477720772,"31-03-2021"
30.5465670386842,"01-04-2021"
32.3836685645208,"02-04-2021"
27.2656795399589,"03-04-2021"
25.6462073662435,"04-04-2021"
25.7922134472057,"05-04-2021"
29.8303869932424,"06-04-2021"
31.5986079129972,"07-04-2021"
24.2674023819063,"08-04-2021"
23.5672104422213,"09-04-2021"
22.2915828698873,"10-04-2021"
19.865090144251,"11-04-2021"
18.7725070243422,"12-04-2021"
25.2373129934189,"13-04-2021"
28.2620342917275,"14-04-2021"
22.4381489369553,"15-04-2021"
27.3011705028359,"16-04-2021"
30.3281536585232,"17-04-2021"
28.5657112409826,"18-04-2021"
28.78758037664,"19-04-2021"
31.3696420949325,"20-04-2021"
30.3561846641824,"21-04-2021"
26.8380397544242,"22-04-2021"
19.165125162378,"23-04-2021"
17.8544706418738,"24-04-2021"
22.3556924409256,"25-04-2021"
21.0125861581531,"26-04-2021"
20.5129646109417,"27-04-2021"
24.2049058839632,"28-04-2021"
27.7275757613592,"29-04-2021"
23.1951758427569,"30-04-2021"
25.8093573106453,"01-05-2021"
24.4524175006896,"02-05-2021"
22.2261297624069,"03-05-2021"
23.9437391450256,"04-05-2021"
27.4015483878739,"05-05-2021"
29.8926863165107,"06-05-2021"
29.5153199665435,"07-05-2021"
27.1274984878907,"08-05-2021"
25.8992863079533,"09-05-2021"
18.9576237856899,"10-05-2021"
21.8880793207069,"11-05-2021"
15.5961191959679,"12-05-2021"
21.9019626258756,"13-05-2021"
23.6543290017173,"14-05-2021"
28.1480650030845,"15-05-2021"
26.4871082229074,"16-05-2021"
28.4498883687565,"17-05-2021"
20.3812776662642,"18-05-2021"
11.8253363712667,"19-05-2021"
14.0856843030336,"20-05-2021"
16.0987140987162,"21-05-2021"
19.7326511589391,"22-05-2021"
23.4336607944267,"23-05-2021"
27.1784176052362,"24-05-2021"
29.2464906533295,"25-05-2021"
22.399130775563,"26-05-2021"
12.6880145155219,"27-05-2021"
14.6827509436104,"28-05-2021"
15.4842593900696,"29-05-2021"
19.9389825354097,"30-05-2021"
20.8296547459741,"31-05-2021"
21.3480200781859,"01-06-2021"
13.5369019924477,"02-06-2021"
11.7153635796276,"03-06-2021"
15.8153005622677,"04-06-2021"
17.4460037890077,"05-06-2021"
18.1056234425306,"06-06-2021"
14.542897096253,"07-06-2021"
11.7251795221772,"08-06-2021"
18.8546988917748,"09-06-2021"
16.7704769239947,"10-06-2021"
12.6967717888486,"11-06-2021"
14.4657720432803,"12-06-2021"
19.8878546270728,"13-06-2021"
25.0741880148556,"14-06-2021"
14.7354228878138,"15-06-2021"
14.1998029538244,"16-06-2021"
11.9357176458649,"17-06-2021"
10.8879390389519,"18-06-2021"
14.0968063028902,"19-06-2021"
12.0849159669131,"20-06-2021"
14.4423099723342,"21-06-2021"
11.7947027708101,"22-06-2021"
13.1036829297314,"23-06-2021"
12.9803354986897,"24-06-2021"
10.8262576683797,"25-06-2021"
15.0758815561607,"26-06-2021"
16.353872859613,"27-06-2021"
15.489938485045,"28-06-2021"
11.5374535241118,"29-06-2021"
12.4318069844367,"30-06-2021"
14.5318149094004,"01-07-2021"
18.0479192222608,"02-07-2021"
18.611240460542,"03-07-2021"
9.02804920140188,"04-07-2021"
13.1377753618918,"05-07-2021"
12.8822755632782,"06-07-2021"
15.9515672560316,"07-07-2021"
15.6437557315943,"08-07-2021"
17.042164387228,"09-07-2021"
14.0114874799247,"10-07-2021"
15.3722568754293,"11-07-2021"
19.0420836924855,"12-07-2021"
22.6063295561587,"13-07-2021"
24.0799435610883,"14-07-2021"
21.9782315577613,"15-07-2021"
11.6313297023904,"16-07-2021"
13.8540524389525,"17-07-2021"
13.4917093615816,"18-07-2021"
18.0700510668731,"19-07-2021"
17.6756629726361,"20-07-2021"
11.8543256822508,"21-07-2021"
14.2061480053235,"22-07-2021"
14.5066155187134,"23-07-2021"
14.553843051244,"24-07-2021"
11.9940908248723,"25-07-2021"
12.8940695378697,"26-07-2021"
14.4795186447911,"27-07-2021"
17.5865813489817,"28-07-2021"
21.9576941473642,"29-07-2021"
16.4100073137553,"30-07-2021"
17.9289500066638,"31-07-2021"
14.6489202845562,"01-08-2021"
20.0992562609329,"02-08-2021"
20.8020292928326,"03-08-2021"
21.0181079904968,"04-08-2021"
16.9950708982162,"05-08-2021"
19.6838780389912,"06-08-2021"
20.7619951542094,"07-08-2021"
25.0873484412208,"08-08-2021"
16.3181038625305,"09-08-2021"
17.758585355822,"10-08-2021"
17.4729717171192,"11-08-2021"
16.5881239335705,"12-08-2021"
16.6915801131632,"13-08-2021"
14.0979778408888,"14-08-2021"
17.3948375910008,"15-08-2021"
18.4860918084998,"16-08-2021"
18.7965287410049,"17-08-2021"
11.124103847493,"18-08-2021"
16.2633937313687,"19-08-2021"
24.2244074811554,"20-08-2021"
24.8892613789067,"21-08-2021"
23.5780552298645,"22-08-2021"
15.9076608590316,"23-08-2021"
20.3072090827511,"24-08-2021"
15.7270263203373,"25-08-2021"
16.8388675612863,"26-08-2021"
16.8218004629435,"27-08-2021"
12.2689497092506,"28-08-2021"
18.0967033498455,"29-08-2021"
18.0620338920341,"30-08-2021"
17.3700657864101,"31-08-2021"
13.1598013672954,"01-09-2021"
17.4073777576908,"02-09-2021"
19.7316750781424,"03-09-2021"
21.0882916125748,"04-09-2021"
18.8826817428973,"05-09-2021"
23.4218954517972,"06-09-2021"
21.5123933713767,"07-09-2021"
14.4778240771499,"08-09-2021"
23.2699408024154,"09-09-2021"
21.0808595157042,"10-09-2021"
21.4131829153374,"11-09-2021"
21.7030273139011,"12-09-2021"
24.409965248371,"13-09-2021"
27.9872448712774,"14-09-2021"
17.2890437477967,"15-09-2021"
23.0777639314625,"16-09-2021"
26.6129517313465,"17-09-2021"
25.5888956725691,"18-09-2021"
27.6946393099288,"19-09-2021"
27.1317520037736,"20-09-2021"
27.2154504118697,"21-09-2021"
26.8182471794426,"22-09-2021"
28.9773298561899,"23-09-2021"
26.5158902481361,"24-09-2021"
12.5947035238193,"25-09-2021"
18.927539850953,"26-09-2021"
24.1482980218064,"27-09-2021"
25.9914049823047,"28-09-2021"
17.9910366296023,"29-09-2021"
19.4875476243207,"30-09-2021"
18.9504326118296,"01-10-2021"
19.4726329999627,"02-10-2021"
17.1422998212511,"03-10-2021"
20.5785122555681,"04-10-2021"
22.1867257678276,"05-10-2021"
23.7444391043508,"06-10-2021"
26.1801460402785,"07-10-2021"
24.4659871013835,"08-10-2021"
29.5923190250248,"09-10-2021"
28.9736057464569,"10-10-2021"
30.0456416038424,"11-10-2021"
30.7970222255308,"12-10-2021"
25.6655477999267,"13-10-2021"
23.0231324285176,"14-10-2021"
30.5986386729358,"15-10-2021"
24.4363907551928,"16-10-2021"
28.0655879312963,"17-10-2021"
26.7262870672019,"18-10-2021"
27.057929183573,"19-10-2021"
29.5608547903411,"20-10-2021"
24.2411184690194,"21-10-2021"
28.4552263645455,"22-10-2021"
27.0733382309857,"23-10-2021"
23.9318922157516,"24-10-2021"
21.8730857871938,"25-10-2021"
27.6793353898358,"26-10-2021"
19.5211751782661,"27-10-2021"
24.5227561126137,"28-10-2021"
27.4920691705402,"29-10-2021"
30.559669572534,"30-10-2021"
30.605855890736,"31-10-2021"
27.3612502571195,"01-11-2021"
27.6575153408339,"02-11-2021"
33.5969589293003,"03-11-2021"
22.8540757848043,"04-11-2021"
26.4763678414794,"05-11-2021"
29.2574139795778,"06-11-2021"
30.4064810100175,"07-11-2021"
24.4607089679805,"08-11-2021"
30.3725226674206,"09-11-2021"
28.6963245990011,"10-11-2021"
26.0234674903378,"11-11-2021"
26.5246636645892,"12-11-2021"
18.9608258447354,"13-11-2021"
25.1786714064656,"14-11-2021"
27.1943540100008,"15-11-2021"
28.0794655771554,"16-11-2021"
19.8729308325564,"17-11-2021"
27.5500960961217,"18-11-2021"
23.3530616222997,"19-11-2021"
21.3312730971607,"20-11-2021"
29.4765138563141,"21-11-2021"
31.5262427245453,"22-11-2021"
29.8205295691732,"23-11-2021"
27.1599916515988,"24-11-2021"
28.7094619893841,"25-11-2021"
33.3709859955683,"26-11-2021"
29.1648233839357,"27-11-2021"
28.2141144824401,"28-11-2021"
32.2668739879318,"29-11-2021"
32.225752543062,"30-11-2021"
28.4891926009837,"01-12-2021"
27.5391291061789,"02-12-2021"
29.5204330448643,"03-12-2021"
29.2883863429539,"04-12-2021"
28.0902230923134,"05-12-2021"
30.3307398469257,"06-12-2021"
28.0556019254029,"07-12-2021"
31.597491254718,"08-12-2021"
32.5881807709602,"09-12-2021"
24.279106286699,"10-12-2021"
29.5890676952805,"11-12-2021"
31.5229494806053,"12-12-2021"
33.3695325376745,"13-12-2021"
29.1610837643221,"14-12-2021"
28.9490861900896,"15-12-2021"
31.868403241164,"16-12-2021"
29.8240358921885,"17-12-2021"
22.6373332106508,"18-12-2021"
27.5036918760464,"19-12-2021"
31.6306551035773,"20-12-2021"
33.5316350973328,"21-12-2021"
32.7128592452174,"22-12-2021"
27.5977866949397,"23-12-2021"
31.6614672414958,"24-12-2021"
33.1183155706269,"25-12-2021"
30.3601010418031,"26-12-2021"
29.0490249526664,"27-12-2021"
30.9417263483163,"28-12-2021"
27.8817184163164,"29-12-2021"
33.1388901004009,"30-12-2021"
32.0677820534585,"31-12-2021"
33.7115358222983,"01-01-2022"
29.965286888948,"02-01-2022"
30.8759298031712,"03-01-2022"
25.0180116244453,"04-01-2022"
26.809893964397,"05-01-2022"
30.4591618478031,"06-01-2022"
24.3225887245807,"07-01-2022"
28.9363351727664,"08-01-2022"
31.9818712313013,"09-01-2022"
33.3912357172113,"10-01-2022"
33.2982465710305,"11-01-2022"
33.7472626322199,"12-01-2022"
32.6961154399073,"13-01-2022"
34.0932012201557,"14-01-2022"
32.5308183085345,"15-01-2022"
34.1119439675133,"16-01-2022"
34.6156825265198,"17-01-2022"
29.2619194281865,"18-01-2022"
32.827046654131,"19-01-2022"
29.9674460565051,"20-01-2022"
31.8320492991391,"21-01-2022"
32.1536543307078,"22-01-2022"
33.6744501796957,"23-01-2022"
32.7175525819151,"24-01-2022"
33.457049748851,"25-01-2022"
33.9757356081282,"26-01-2022"
33.3659838582277,"27-01-2022"
29.2958805910399,"28-01-2022"
33.4407196338615,"29-01-2022"
32.1457912096203,"30-01-2022"
33.4941428391345,"31-01-2022"
33.2110370193769,"01-02-2022"
31.9614382918857,"02-02-2022"
29.3768987044314,"03-02-2022"
28.5571026573045,"04-02-2022"
28.8511368358899,"05-02-2022"
34.2969197863821,"06-02-2022"
33.9227997571394,"07-02-2022"
31.9129021438774,"08-02-2022"
32.667519038993,"09-02-2022"
30.2413002944045,"10-02-2022"
29.2944522314779,"11-02-2022"
29.3107730102371,"12-02-2022"
31.6744614564262,"13-02-2022"
32.0041268256357,"14-02-2022"
32.2353882665149,"15-02-2022"
30.6148722148653,"16-02-2022"
35.841181608968,"17-02-2022"
34.4935095294397,"18-02-2022"
33.6656794206343,"19-02-2022"
28.5276393581747,"20-02-2022"
28.9619680414376,"21-02-2022"
26.3498098425336,"22-02-2022"
26.2277281916841,"23-02-2022"
31.4467964748853,"24-02-2022"
33.8189096782776,"25-02-2022"
30.6628248166712,"26-02-2022"
32.8136047911178,"27-02-2022"
33.677892744185,"28-02-2022"
27.978496093126,"01-03-2022"
28.4843901119079,"02-03-2022"
32.9888826104766,"03-03-2022"
33.6457243545656,"04-03-2022"
35.6060423849849,"05-03-2022"
29.2523332401924,"06-03-2022"
32.6469513051212,"07-03-2022"
31.3686258148402,"08-03-2022"
32.9936841351818,"09-03-2022"
31.0397365604877,"10-03-2022"
31.8370014678384,"11-03-2022"
28.4010357679031,"12-03-2022"
29.8652588241594,"13-03-2022"
30.9515842769295,"14-03-2022"
30.4954228121904,"15-03-2022"
27.5514280274278,"16-03-2022"
28.2400054747332,"17-03-2022"
28.1472657931549,"18-03-2022"
28.985311111284,"19-03-2022"
28.2576144554024,"20-03-2022"
22.2031209474709,"21-03-2022"
28.1689052742813,"22-03-2022"
30.0332363661192,"23-03-2022"
28.9633269641921,"24-03-2022"
29.3045438300539,"25-03-2022"
25.988237516745,"26-03-2022"
20.5236511501949,"27-03-2022"
22.9202271273918,"28-03-2022"
27.4102110358095,"29-03-2022"
30.3880071065552,"30-03-2022"
28.4776293226308,"31-03-2022"
27.9499535305146,"01-04-2022"
33.7159019212006,"02-04-2022"
27.818715043636,"03-04-2022"
27.0961125864787,"04-04-2022"
27.0270592115633,"05-04-2022"
29.5593043514527,"06-04-2022"
30.2459841078264,"07-04-2022"
24.0667186245322,"08-04-2022"
23.2055855912436,"09-04-2022"
21.4750000394881,"10-04-2022"
21.5205984389293,"11-04-2022"
19.1043459603004,"12-04-2022"
24.0120408502524,"13-04-2022"
27.106617244212,"14-04-2022"
23.9872937562922,"15-04-2022"
25.0589978182176,"16-04-2022"
30.0083143094089,"17-04-2022"
29.3595105336746,"18-04-2022"
30.3715648237057,"19-04-2022"
28.8852977156267,"20-04-2022"
29.5725351262372,"21-04-2022"
27.2890573689481,"22-04-2022"
18.6476680144202,"23-04-2022"
17.9507648327574,"24-04-2022"
22.4009636484832,"25-04-2022"
21.2540813737549,"26-04-2022"
20.558330569244,"27-04-2022"
23.9239778271318,"28-04-2022"
27.3395623198827,"29-04-2022"
23.8720273318072,"30-04-2022"
26.9437217200641,"01-05-2022"
22.7341762246378,"02-05-2022"
22.7996511505335,"03-05-2022"
23.7859341242211,"04-05-2022"
27.3409051448479,"05-05-2022"
29.6432788449572,"06-05-2022"
29.2447793242056,"07-05-2022"
24.9129100062372,"08-05-2022"
26.0797335860669,"09-05-2022"
19.3588787642051,"10-05-2022"
20.554356572947,"11-05-2022"
16.3339037422091,"12-05-2022"
22.3698087267345,"13-05-2022"
22.5390047869273,"14-05-2022"
26.3913802954578,"15-05-2022"
27.5186970863142,"16-05-2022"
26.9357394650113,"17-05-2022"
20.2241762844357,"18-05-2022"
11.5492102549667,"19-05-2022"
13.9720270444849,"20-05-2022"
15.2481556099188,"21-05-2022"
19.3975906240614,"22-05-2022"
23.8283349870471,"23-05-2022"
26.6661237683892,"24-05-2022"
30.6295537925791,"25-05-2022"
22.889292712938,"26-05-2022"
12.1588991883583,"27-05-2022"
14.7783407762321,"28-05-2022"
14.1940494961035,"29-05-2022"
19.4569550936809,"30-05-2022"
20.830280260616,"31-05-2022"
20.2166359184217,"01-06-2022"
13.1110869361833,"02-06-2022"
11.7380603158521,"03-06-2022"
15.5958470292832,"04-06-2022"
17.6549400210381,"05-06-2022"
17.0869686708972,"06-06-2022"
15.4557344700443,"07-06-2022"
11.0209961707518,"08-06-2022"
18.0178753602668,"09-06-2022"
16.2540289093228,"10-06-2022"
12.4914367678575,"11-06-2022"
13.5529478034982,"12-06-2022"
19.8285395988822,"13-06-2022"
23.3198061453039,"14-06-2022"
14.7690424304898,"15-06-2022"
13.5584052355355,"16-06-2022"
11.9182995629404,"17-06-2022"
10.9663543908857,"18-06-2022"
14.5253870802373,"19-06-2022"
11.5859100524336,"20-06-2022"
15.4344863437163,"21-06-2022"
11.6297713149153,"22-06-2022"
14.0236938977265,"23-06-2022"
13.1808530385699,"24-06-2022"
11.2633330232184,"25-06-2022"
15.1655913062487,"26-06-2022"
16.2869155377173,"27-06-2022"
16.5756537086866,"28-06-2022"
11.4858630366297,"29-06-2022"
12.4383024262777,"30-06-2022"
14.4820383295882,"01-07-2022"
17.6950345002115,"02-07-2022"
18.9467047340563,"03-07-2022"
9.29726847543381,"04-07-2022"
12.809295870408,"05-07-2022"
12.1931150210369,"06-07-2022"
15.4102022235794,"07-07-2022"
14.6754542727093,"08-07-2022"
17.2335750538483,"09-07-2022"
14.9631503159343,"10-07-2022"
15.4105790265277,"11-07-2022"
18.522371168714,"12-07-2022"
23.3978524787491,"13-07-2022"
23.6331998555595,"14-07-2022"
22.9410683151218,"15-07-2022"
11.4326395038702,"16-07-2022"
14.2171982218395,"17-07-2022"
13.8206113413349,"18-07-2022"
18.0719963094848,"19-07-2022"
18.2646709356084,"20-07-2022"
11.8202776027145,"21-07-2022"
14.5104422627948,"22-07-2022"
13.8901995568187,"23-07-2022"
14.1860076949862,"24-07-2022"
12.1421130409185,"25-07-2022"
13.0026678927243,"26-07-2022"
14.0824085119646,"27-07-2022"
17.8752064650692,"28-07-2022"
24.0447720636847,"29-07-2022"
16.7695011903299,"30-07-2022"
17.9079626751272,"31-07-2022"
14.1348054883629,"01-08-2022"
21.8440285124909,"02-08-2022"
20.0926423795288,"03-08-2022"
22.9576718403446,"04-08-2022"
16.1590370763279,"05-08-2022"
19.6979240004439,"06-08-2022"
21.164936488336,"07-08-2022"
24.1631225612015,"08-08-2022"
17.6152017405909,"09-08-2022"
17.4493387123011,"10-08-2022"
17.885935445521,"11-08-2022"
15.5807736193528,"12-08-2022"
16.4172286882065,"13-08-2022"
13.4579542733962,"14-08-2022"
16.7996534607559,"15-08-2022"
17.9443231022987,"16-08-2022"
18.9263075000839,"17-08-2022"
11.7664151517302,"18-08-2022"
16.3895491305669,"19-08-2022"
23.9355300164712,"20-08-2022"
25.702395780785,"21-08-2022"
23.676947853039,"22-08-2022"
15.8315034599975,"23-08-2022"
19.5369984916295,"24-08-2022"
15.9930589158344,"25-08-2022"
15.8593181090336,"26-08-2022"
16.5410732367449,"27-08-2022"
12.876297205803,"28-08-2022"
17.5939740034519,"29-08-2022"
17.9402712991671,"30-08-2022"
16.6375396440853,"31-08-2022"
12.8191354251676,"01-09-2022"
17.9179983487399,"02-09-2022"
19.6817817062861,"03-09-2022"
20.3418131414847,"04-09-2022"
17.3251295545092,"05-09-2022"
23.0583813079912,"06-09-2022"
21.8819834780297,"07-09-2022"
14.7183851489658,"08-09-2022"
23.7860854461347,"09-09-2022"
22.5255484956689,"10-09-2022"
21.2872318845615,"11-09-2022"
22.6240626382222,"12-09-2022"
22.6550019680522,"13-09-2022"
29.1266232052725,"14-09-2022"
16.3880800781539,"15-09-2022"
22.774635469364,"16-09-2022"
26.7168778735772,"17-09-2022"
27.4312389565818,"18-09-2022"
27.8852153667226,"19-09-2022"
26.8638859196566,"20-09-2022"
27.3741906801169,"21-09-2022"
28.1817588962149,"22-09-2022"
28.3244508541469,"23-09-2022"
25.5917871082085,"24-09-2022"
12.4168903176393,"25-09-2022"
19.0081585661229,"26-09-2022"
23.2389416057942,"27-09-2022"
25.2718265551329,"28-09-2022"
17.9175086099654,"29-09-2022"
19.5587413013447,"30-09-2022"
19.1849713327829,"01-10-2022"
19.0313975517754,"02-10-2022"
17.2439231325407,"03-10-2022"
19.8047948330641,"04-10-2022"
23.1592982265842,"05-10-2022"
22.7768346322956,"06-10-2022"
25.5341583286645,"07-10-2022"
25.2718301931582,"08-10-2022"
30.029358978644,"09-10-2022"
28.9820640365733,"10-10-2022"
30.7040714457817,"11-10-2022"
29.943747611884,"12-10-2022"
26.6067103556381,"13-10-2022"
24.6238969667535,"14-10-2022"
32.0811627099523,"15-10-2022"
25.0681308398419,"16-10-2022"
27.5812017294206,"17-10-2022"
27.1936385598336,"18-10-2022"
24.9919692536327,"19-10-2022"
27.9208749050228,"20-10-2022"
23.6115617312025,"21-10-2022"
27.2120635415427,"22-10-2022"
27.946418435066,"23-10-2022"
24.2483632305777,"24-10-2022"
24.0994909476256,"25-10-2022"
28.0174295190256,"26-10-2022"
19.5777182981116,"27-10-2022"
24.2619148918614,"28-10-2022"
26.2790935563762,"29-10-2022"
28.8147267821361,"30-10-2022"
28.1385721990955,"31-10-2022"
25.4128560136957,"01-11-2022"
27.6704001327162,"02-11-2022"
32.6609782904386,"03-11-2022"
22.7818479343038,"04-11-2022"
26.5971967190178,"05-11-2022"
28.1059970910288,"06-11-2022"
30.5633865057374,"07-11-2022"
25.8281150546623,"08-11-2022"
29.7969690929563,"09-11-2022"
29.2365624794317,"10-11-2022"
27.875607173685,"11-11-2022"
26.790823465595,"12-11-2022"
18.0004828353063,"13-11-2022"
24.0364201675402,"14-11-2022"
27.2986717991065,"15-11-2022"
26.2712724063918,"16-11-2022"
19.989109732036,"17-11-2022"
27.4397372243693,"18-11-2022"
23.0844073947519,"19-11-2022"
20.4274835987948,"20-11-2022"
28.12224749716,"21-11-2022"
31.4623545337841,"22-11-2022"
27.3570300906664,"23-11-2022"
26.2070996034308,"24-11-2022"
30.5185170804989,"25-11-2022"
32.5216163782869,"26-11-2022"
29.6244944645721,"27-11-2022"
29.8344009594992,"28-11-2022"
31.4084128105454,"29-11-2022"
33.7959093676321,"30-11-2022"
28.5383488614787,"01-12-2022"
29.4761684292555,"02-12-2022"
29.1986621222575,"03-12-2022"
30.8375728708715,"04-12-2022"
29.8929798578331,"05-12-2022"
31.9395762821264,"06-12-2022"
29.121577565074,"07-12-2022"
30.570815595102,"08-12-2022"
32.5311501263687,"09-12-2022"
23.1946942100115,"10-12-2022"
29.9459375914419,"11-12-2022"
30.2554560146201,"12-12-2022"
33.3586664529797,"13-12-2022"
31.2884080041945,"14-12-2022"
29.5920818655193,"15-12-2022"
31.8597459536092,"16-12-2022"
30.6018988829479,"17-12-2022"
22.9043501232751,"18-12-2022"
28.2330887751281,"19-12-2022"
31.1686723426147,"20-12-2022"
32.4638670386909,"21-12-2022"
31.8616977094091,"22-12-2022"
27.5721834995155,"23-12-2022"
32.8696952648461,"24-12-2022"
35.1441648528329,"25-12-2022"
29.7038698765263,"26-12-2022"
28.4990216746111,"27-12-2022"
32.6988158838218,"28-12-2022"
29.154335146579,"29-12-2022"
33.2850774610648,"30-12-2022"
32.2887982142554,"31-12-2022"
